guest_id,guest_name
1,Megan Ferguson
2,Sean Molina
3,Jacqueline Chavez
4,Kim Garcia
5,Alicia Ortiz
6,Tyrone Bradford
7,Terry Morris
8,William Reed
9,Mark Adams
10,Wendy Dawson
11,Alicia Stevens
12,Jacqueline Lynch
13,Stacy Manning
14,Cody Williams
15,James Rodriguez
16,David Gentry
17,Melinda Shaw
18,James Sandoval
19,Cynthia Smith
20,Matthew Howard
21,Anne Reynolds
22,Monique Dalton
23,Heather Coleman
24,Mary Rice
25,Kelly Williams
26,Jeremy Molina
27,Louis Bates
28,Jordan Moody
29,David Gray
30,Jacqueline Silva
31,Barry Barber
32,Jason Taylor
33,Tyler Guerrero
34,Emily Evans
35,Gregory Hampton
36,Natalie Goodman
37,Scott Escobar
38,Mark Malone
39,Sara Dennis
40,Matthew Mendoza
41,Henry Baker
42,Alexis Brewer
43,Rachel Nelson
44,Kenneth Green
45,Mrs. Janice Gibbs
46,Amanda Jones
47,James Jones
48,Melissa Preston
49,William Poole
50,Jay Deleon
51,Melissa Chan
52,Charles Brown
53,Yolanda Willis
54,Laurie Nguyen
55,Mr. Robert Morrow Jr.
56,Philip Webb
57,Christopher Hayden
58,Karen Clark
59,Dominic Gutierrez
60,Joseph Watts
61,Christopher Ellis
62,Michelle Scott
63,Emily Ball
64,Samantha Swanson
65,Clinton Jones
66,Abigail Williamson
67,Patrick Sanchez
68,Angela Parker
69,John Hansen
70,Amanda Powers
71,Joseph Spencer
72,Brian Swanson
73,Zachary Brock
74,Mr. Anthony Hawkins
75,Joe Jensen
76,Theodore Cox
77,Laura Turner
78,Andrea Hernandez
79,Juan May
80,Garrett Sandoval
81,William Martin
82,Shane Molina
83,Jeremiah Yu
84,Julie Moore
85,George Wu
86,Stacey Horton
87,William Ward
88,Joshua Bates
89,Patricia Smith
90,Michael Hernandez
91,Nicole Olsen
92,Lindsay Patton
93,Brianna Hernandez
94,Kevin Thompson
95,John Pena
96,Eduardo Wells
97,Chase Norman
98,Amanda Meyer
99,Charles Mercado
100,Kristen Long
101,Becky Russell
102,Philip Johnson
103,Brian Black
104,Kristin Parker
105,Jessica Hartman
106,Lisa Thompson
107,Russell Murray
108,Brian Cannon DDS
109,Matthew Garrett
110,David Bell
111,Mr. Bill Jones Jr.
112,Jeffrey Adams
113,James Moore
114,Hannah Miller
115,Edward George
116,Bryan Jones
117,Edgar Anderson
118,Jane Allen
119,Susan Collins
120,Laura Martinez
121,Bryan Pena
122,Adam Parker
123,Laura Hicks
124,Rebekah Greene
125,Sharon Anderson
126,Heidi Figueroa
127,Beth Hopkins
128,Joshua Thompson
129,Charles Hopkins
130,David Peck
131,Justin Reed
132,Sara Kelly
133,Dr. Tyler Brown
134,Steven Flores
135,Keith Kelly
136,Colton Clark
137,Jason Conner
138,Natalie Porter
139,Joshua Gonzales
140,Eric Carpenter
141,Allison Taylor
142,Paul Schultz
143,Kelly Chase
144,Patrick Aguirre
145,John Newton
146,Jasmine Maynard
147,Kenneth Reynolds
148,Richard King
149,Patricia Farley
150,John Kelley
151,Albert Reeves
152,Kathy Banks
153,Randall Bryant
154,Karen Schmidt
155,Dakota Griffin
156,Eric Galloway
157,Timothy Castro
158,Veronica Morris
159,Beverly Moreno
160,Jason Young
161,Kelly Thompson
162,Luis Thompson
163,Paige Jones
164,Emily Simmons
165,Richard Martinez
166,Luis Wright
167,Kathleen Barrett
168,Scott Nelson
169,Mrs. Jasmine Bryant DDS
170,Nicholas Pierce
171,Jeffrey Bailey
172,Carmen Farmer
173,Thomas Smith PhD
174,Courtney Walker
175,Michele Blankenship
176,Kelly Carr
177,Christina Thomas
178,Dustin Jones
179,Christine Simpson
180,Caitlin Cruz
181,Francis Evans
182,Jennifer Romero
183,Julie Willis
184,Frances Barnes
185,Sue Walker
186,Joshua Bass
187,Curtis Burns
188,Dennis Hodges
189,Justin Carter
190,Travis Parks
191,Christopher Walker
192,Maria Dominguez
193,William Miller
194,Jill Powell
195,Elizabeth Lewis
196,Danny Garrett
197,John Horne
198,Philip Hodges
199,Jimmy Martinez
200,Steve Brown
201,Samantha Valencia
202,Jonathan Schmidt
203,Linda Boyle
204,Kevin Kim
205,Samantha Roberts
206,Rebecca Stevens
207,Dylan Brooks
208,Nancy Martin
209,Michael Harris
210,Jesse Baker
211,Karen King
212,David Hampton
213,Barbara Robles
214,Scott Jones
215,James Haney
216,Leah Jenkins
217,Thomas Booth
218,Brian Ruiz
219,Shawn Boyer
220,Sean Perez
221,Gregory Rogers
222,Terri Morris
223,Beth Robinson
224,Ashley Nelson
225,Jennifer Harvey
226,Nancy Taylor
227,Katherine Frazier
228,Annette Washington
229,Joshua Carter
230,Richard Alvarado
231,Timothy Reyes
232,Tyler Dean
233,Sara Martinez
234,Lauren Vang
235,Christine Morrison
236,Judith Buckley DDS
237,Richard Fields
238,Keith Martinez
239,Catherine Ward
240,Desiree Perry
241,Gina Moran
242,Jacqueline Ward
243,Brian Davis
244,Brooke Mcdowell
245,George Kelly
246,Julie Lewis
247,David Foster
248,Elijah Davidson
249,Jeffrey Hayes
250,Matthew Morales
251,Lauren Fleming
252,Norma Hale
253,Christine Fisher
254,Jennifer Russo
255,Robert Ortiz
256,Anthony Gates
257,Gene Hoover
258,Barbara Rhodes
259,Robert Woods
260,Patrick Welch
261,Zachary Norman
262,Susan Horn
263,Leslie Roberts
264,Kelly Webb
265,Krystal Welch
266,Tara Nelson
267,Paul Gray
268,Joshua Ross
269,Michael Gibson
270,Carolyn Cordova
271,Justin Wagner
272,Ian Webb
273,Sherry Medina
274,James Hernandez
275,Bradley Carter
276,Jennifer Nguyen
277,Robert Miller
278,Jerry Garcia
279,Ronald Glenn
280,Ashley Smith
281,Melissa Proctor
282,Russell Dawson
283,Kimberly Gray
284,Patricia Johnson
285,Rebecca Franklin
286,Lisa Nelson
287,Carrie Cole
288,Jeff Scott
289,Lucas Thomas
290,Maria Morales
291,Mrs. Rebecca Roberts
292,Jo Murphy
293,Anna Foley
294,Austin Chavez
295,Heather Anderson
296,Leah Walters
297,Craig Crosby
298,Jordan Graham
299,Stephanie Krueger
300,Derek Curry Jr.
